{"cameraMode":{"drawMode":0,"name":"Shaded","section":"Shading Mode"},"sceneLighting":true,"audioPlay":false,"sceneViewState":{"m_AlwaysRefresh":false,"showFog":true,"showSkybox":true,"showFlares":true,"showImageEffects":true,"showParticleSystems":true,"showVisualEffectGraphs":true,"m_FxEnabled":true},"in2DMode":false,"pivot":{"x":14.58380126953125,"y":5.571072101593018,"z":24.830163955688478},"rotation":{"x":-0.0020355479791760446,"y":-0.9977266788482666,"z":0.04826009273529053,"w":-0.05002424865961075},"size":1.2247447967529297,"orthographic":false}